id,nama,nomor
1,Satu,0.00059785
2,Dua,0.01164845
3,Tiga,0.01119305
,,0.01857075
,,0.00533115
,,0.00297385
,,0.00069245
